"2015-01-01,""2015"",""01"",""01"",""†"",""-3.5"","""",""-9.4"","""",""-6.5"","""",""24.5"","""",""0.0"","""","""",""M"","""",""M"",""2.5"","""","""","""",""25"","""",""48"","""""
"2015-01-02,""2015"",""01"",""02"",""†"",""-4.1"","""",""-18.0"","""",""-11.1"","""",""29.1"","""",""0.0"","""","""",""M"","""",""M"",""0.9"","""","""","""",""29"","""",""48"","""""
"2015-01-03,""2015"",""01"",""03"",""†"",""-2.2"","""",""-17.2"","""",""-9.7"","""",""27.7"","""",""0.0"","""","""",""M"","""",""M"",""6.6"","""","""","""",""11"","""",""43"","""""
"2015-01-04,""2015"",""01"",""04"",""†"",""0.0"","""",""-8.9"","""",""-4.5"","""",""22.5"","""",""0.0"","""","""",""M"","""",""M"",""5.7"","""","""","""","""","""",""<31"","""""
"2015-01-05,""2015"",""01"",""05"",""†"",""-8.9"","""",""-17.7"","""",""-13.3"","""",""31.3"","""",""0.0"","""","""",""M"","""",""M"",""7.8"","""","""","""","""","""",""<31"","""""
"2015-01-06,""2015"",""01"",""06"",""†"",""-10.1"","""",""-15.9"","""",""-13.0"","""",""31.0"","""",""0.0"","""","""",""M"","""",""M"",""1.7"","""","""","""",""25"","""",""37"","""""
"2015-01-07,""2015"",""01"",""07"",""†"",""-10.3"","""",""-29.0"","""",""-19.7"","""",""37.7"","""",""0.0"","""","""",""M"","""",""M"",""0.9"","""","""","""",""36"","""",""41"","""""
"2015-01-08,""2015"",""01"",""08"",""†"",""-9.7"","""",""-21.3"","""",""-15.5"","""",""33.5"","""",""0.0"","""","""",""M"","""",""M"",""0.9"","""","""","""",""26"","""",""43"","""""
"2015-01-09,""2015"",""01"",""09"",""†"",""-8.2"","""",""-14.7"","""",""-11.5"","""",""29.5"","""",""0.0"","""","""",""M"","""",""M"",""1.5"","""","""","""",""28"","""",""59"","""""
"2015-01-10,""2015"",""01"",""10"",""†"",""-10.6"","""",""-16.3"","""",""-13.5"","""",""31.5"","""",""0.0"","""","""",""M"","""",""M"",""0.0"","""","""","""",""24"","""",""46"","""""
"2015-01-11,""2015"",""01"",""11"",""†"",""-2.9"","""",""-14.5"","""",""-8.7"","""",""26.7"","""",""0.0"","""","""",""M"","""",""M"",""0.0"","""","""","""","""","""",""<31"","""""
"2015-01-12,""2015"",""01"",""12"",""†"",""-3.3"","""",""-21.6"","""",""-12.5"","""",""30.5"","""",""0.0"","""","""",""M"","""",""M"",""1.0"","""","""","""",""35"","""",""37"","""""
"2015-01-13,""2015"",""01"",""13"",""†"",""-12.6"","""",""-28.6"","""",""-20.6"","""",""38.6"","""",""0.0"","""","""",""M"","""",""M"",""0.4"","""","""","""","""","""",""<31"","""""
"2015-01-14,""2015"",""01"",""14"",""†"",""-7.9"","""",""-21.5"","""",""-14.7"","""",""32.7"","""",""0.0"","""","""",""M"","""",""M"",""0.0"","""","""","""","""","""",""<31"","""""
"2015-01-15,""2015"",""01"",""15"",""†"",""-3.4"","""",""-16.9"","""",""-10.2"","""",""28.2"","""",""0.0"","""","""",""M"","""",""M"",""0.2"","""","""","""",""26"","""",""35"","""""
"2015-01-16,""2015"",""01"",""16"",""†"",""-9.9"",""E"",""-14.2"",""E"",""-12.1"",""E"",""30.1"",""E"",""0.0"",""E"","""",""M"","""",""M"",""0.7"",""E"","""","""","""",""M"","""",""M"""
"2015-01-17,""2015"",""01"",""17"",""†"",""-3.6"",""E"","""",""M"","""",""M"","""",""M"","""",""M"","""",""M"","""",""M"","""",""M"","""","""","""","""",""<31"","""""
"2015-01-18,""2015"",""01"",""18"",""†"",""4.0"","""",""-1.4"","""",""1.3"","""",""16.7"","""",""0.0"","""","""",""M"","""",""M"",""2.8"","""","""","""",""32"","""",""35"","""""
"2015-01-19,""2015"",""01"",""19"",""†"",""-1.4"","""",""-15.9"","""",""-8.7"","""",""26.7"","""",""0.0"","""","""",""M"","""",""M"",""0.4"","""","""","""",""29"","""",""48"","""""
"2015-01-20,""2015"",""01"",""20"",""†"",""-9.0"","""",""-23.3"","""",""-16.2"","""",""34.2"","""",""0.0"","""","""",""M"","""",""M"",""0.4"","""","""","""","""","""",""<31"","""""
"2015-01-21,""2015"",""01"",""21"",""†"",""-7.9"","""",""-23.8"","""",""-15.9"","""",""33.9"","""",""0.0"","""","""",""M"","""",""M"",""0.0"","""","""","""","""","""",""<31"","""""
"2015-01-22,""2015"",""01"",""22"",""†"",""-3.6"","""",""-19.4"","""",""-11.5"","""",""29.5"","""",""0.0"","""","""",""M"","""",""M"",""0.0"","""","""","""","""","""",""<31"","""""
"2015-01-23,""2015"",""01"",""23"",""†"",""1.3"","""",""-11.0"","""",""-4.9"","""",""22.9"","""",""0.0"","""","""",""M"","""",""M"",""0.0"","""","""","""",""22"","""",""41"","""""
"2015-01-24,""2015"",""01"",""24"",""†"",""0.1"","""",""-9.5"","""",""-4.7"","""",""22.7"","""",""0.0"","""","""",""M"","""",""M"",""1.4"","""","""","""",""30"","""",""48"","""""
"2015-01-25,""2015"",""01"",""25"",""†"",""-9.6"","""",""-18.5"","""",""-14.1"","""",""32.1"","""",""0.0"","""","""",""M"","""",""M"",""0.5"","""","""","""",""31"","""",""43"","""""
"2015-01-26,""2015"",""01"",""26"",""†"",""-10.4"","""",""-21.9"","""",""-16.2"","""",""34.2"","""",""0.0"","""","""",""M"","""",""M"",""0.2"","""","""","""","""","""",""<31"","""""
"2015-01-27,""2015"",""01"",""27"",""†"",""-8.7"","""",""-16.2"","""",""-12.5"","""",""30.5"","""",""0.0"","""","""",""M"","""",""M"",""0.0"","""","""","""","""","""",""<31"","""""
"2015-01-28,""2015"",""01"",""28"",""†"",""-3.9"","""",""-21.0"","""",""-12.5"","""",""30.5"","""",""0.0"","""","""",""M"","""",""M"",""0.0"","""","""","""","""","""",""<31"","""""
"2015-01-29,""2015"",""01"",""29"",""†"",""-2.6"","""",""-11.5"","""",""-7.1"","""",""25.1"","""",""0.0"","""","""",""M"","""",""M"",""4.5"","""","""","""",""33"","""",""35"","""""
"2015-01-30,""2015"",""01"",""30"",""†"",""-4.2"","""",""-22.6"","""",""-13.4"","""",""31.4"","""",""0.0"","""","""",""M"","""",""M"",""0.6"","""","""","""",""32"","""",""46"","""""
"2015-01-31,""2015"",""01"",""31"",""†"",""-3.6"","""",""-25.5"","""",""-14.6"","""",""32.6"","""",""0.0"","""","""",""M"","""",""M"",""0.0"","""","""","""",""32"","""",""35"","""""
"2015-02-01,""2015"",""02"",""01"",""†"",""-6.2"","""",""-18.0"","""",""-12.1"","""",""30.1"","""",""0.0"","""","""",""M"","""",""M"",""1.3"","""","""","""",""3"","""",""35"","""""
"2015-02-02,""2015"",""02"",""02"",""†"",""-13.0"","""",""-21.4"","""",""-17.2"","""",""35.2"","""",""0.0"","""","""",""M"","""",""M"",""3.8"","""","""","""",""4"","""",""39"","""""
"2015-02-03,""2015"",""02"",""03"",""†"",""-5.9"","""",""-20.2"","""",""-13.1"","""",""31.1"","""",""0.0"","""","""",""M"","""",""M"",""0.3"","""","""","""",""25"","""",""37"","""""
"2015-02-04,""2015"",""02"",""04"",""†"",""-4.1"","""",""-12.9"","""",""-8.5"","""",""26.5"","""",""0.0"","""","""",""M"","""",""M"",""1.9"","""","""","""",""32"","""",""32"","""""
"2015-02-05,""2015"",""02"",""05"",""†"",""-12.4"","""",""-21.2"","""",""-16.8"","""",""34.8"","""",""0.0"","""","""",""M"","""",""M"",""0.2"","""","""","""",""33"","""",""37"","""""
"2015-02-06,""2015"",""02"",""06"",""†"",""-4.5"","""",""-15.1"","""",""-9.8"","""",""27.8"","""",""0.0"","""","""",""M"","""",""M"",""2.3"","""","""","""",""29"","""",""44"","""""
"2015-02-07,""2015"",""02"",""07"",""†"",""-6.3"","""",""-11.9"","""",""-9.1"","""",""27.1"","""",""0.0"","""","""",""M"","""",""M"",""9.8"","""","""","""",""9"","""",""37"","""""
"2015-02-08,""2015"",""02"",""08"",""†"",""-11.9"","""",""-14.6"","""",""-13.3"","""",""31.3"","""",""0.0"","""","""",""M"","""",""M"",""2.4"","""","""","""",""8"","""",""37"","""""
"2015-02-09,""2015"",""02"",""09"",""†"",""-11.0"","""",""-15.9"","""",""-13.5"","""",""31.5"","""",""0.0"","""","""",""M"","""",""M"",""0.8"","""","""","""","""","""",""<31"","""""
"2015-02-10,""2015"",""02"",""10"",""†"",""-4.2"","""",""-19.4"","""",""-11.8"","""",""29.8"","""",""0.0"","""","""",""M"","""",""M"",""0.0"","""","""","""","""","""",""<31"","""""
"2015-02-11,""2015"",""02"",""11"",""†"",""-3.9"","""",""-17.6"","""",""-10.8"","""",""28.8"","""",""0.0"","""","""",""M"","""",""M"",""1.5"","""","""","""",""31"","""",""48"","""""
"2015-02-12,""2015"",""02"",""12"",""†"",""-6.5"","""",""-22.5"","""",""-14.5"","""",""32.5"","""",""0.0"","""","""",""M"","""",""M"",""1.6"","""","""","""",""35"","""",""46"","""""
"2015-02-13,""2015"",""02"",""13"",""†"",""-12.4"","""",""-26.8"","""",""-19.6"","""",""37.6"","""",""0.0"","""","""",""M"","""",""M"",""1.1"","""","""","""","""","""",""<31"","""""
"2015-02-14,""2015"",""02"",""14"",""†"",""-9.4"","""",""-24.0"","""",""-16.7"","""",""34.7"","""",""0.0"","""","""",""M"","""",""M"",""1.4"","""","""","""",""26"","""",""57"","""""
"2015-02-15,""2015"",""02"",""15"",""†"",""-21.8"","""",""-28.7"","""",""-25.3"","""",""43.3"","""",""0.0"","""","""",""M"","""",""M"",""0.2"","""","""","""",""32"","""",""44"","""""
"2015-02-16,""2015"",""02"",""16"",""†"",""-14.9"","""",""-31.7"","""",""-23.3"","""",""41.3"","""",""0.0"","""","""",""M"","""",""M"",""0.2"","""","""","""","""","""",""<31"","""""
"2015-02-17,""2015"",""02"",""17"",""†"",""-9.7"","""",""-22.9"","""",""-16.3"","""",""34.3"","""",""0.0"","""","""",""M"","""",""M"",""0.0"","""","""","""","""","""",""<31"","""""
"2015-02-18,""2015"",""02"",""18"",""†"",""-9.6"","""",""-23.7"","""",""-16.7"","""",""34.7"","""",""0.0"","""","""",""M"","""",""M"",""0.0"","""","""","""","""","""",""<31"","""""
"2015-02-19,""2015"",""02"",""19"",""†"",""-17.3"","""",""-24.0"","""",""-20.7"","""",""38.7"","""",""0.0"","""","""",""M"","""",""M"",""0.0"","""","""","""",""30"","""",""50"","""""
"2015-02-20,""2015"",""02"",""20"",""†"",""-14.8"","""",""-25.3"","""",""-20.1"","""",""38.1"","""",""0.0"","""","""",""M"","""",""M"",""0.0"","""","""","""",""29"","""",""33"","""""
"2015-02-21,""2015"",""02"",""21"",""†"",""-9.5"","""",""-22.8"","""",""-16.2"","""",""34.2"","""",""0.0"","""","""",""M"","""",""M"",""2.5"","""","""","""","""","""",""<31"","""""
"2015-02-22,""2015"",""02"",""22"",""†"",""-7.7"","""",""-19.1"","""",""-13.4"","""",""31.4"","""",""0.0"","""","""",""M"","""",""M"",""0.0"","""","""","""",""30"","""",""48"","""""
"2015-02-23,""2015"",""02"",""23"",""†"",""-17.3"","""",""-24.3"","""",""-20.8"","""",""38.8"","""",""0.0"","""","""",""M"","""",""M"",""0.2"","""","""","""",""28"","""",""46"","""""
"2015-02-24,""2015"",""02"",""24"",""†"",""-9.5"","""",""-22.7"","""",""-16.1"","""",""34.1"","""",""0.0"","""","""",""M"","""",""M"",""0.2"","""","""","""",""19"","""",""44"","""""
"2015-02-25,""2015"",""02"",""25"",""†"",""-9.3"","""",""-24.3"","""",""-16.8"","""",""34.8"","""",""0.0"","""","""",""M"","""",""M"",""0.9"","""","""","""",""30"","""",""59"","""""
"2015-02-26,""2015"",""02"",""26"",""†"",""-12.2"","""",""-26.1"","""",""-19.2"","""",""37.2"","""",""0.0"","""","""",""M"","""",""M"",""0.0"","""","""","""","""","""",""<31"","""""
"2015-02-27,""2015"",""02"",""27"",""†"",""-11.6"","""",""-27.7"","""",""-19.7"","""",""37.7"","""",""0.0"","""","""",""M"","""",""M"",""0.0"","""","""","""",""29"","""",""41"","""""
"2015-02-28,""2015"",""02"",""28"",""†"",""-5.5"","""",""-26.3"","""",""-15.9"","""",""33.9"","""",""0.0"","""","""",""M"","""",""M"",""0.0"","""","""","""","""","""",""<31"","""""
"2015-03-01,""2015"",""03"",""01"",""†"",""-3.8"","""",""-21.7"","""",""-12.8"","""",""30.8"","""",""0.0"","""","""",""M"","""",""M"",""0.0"","""","""","""","""","""",""<31"","""""
"2015-03-02,""2015"",""03"",""02"",""†"",""-5.9"","""",""-20.4"","""",""-13.2"","""",""31.2"","""",""0.0"","""","""",""M"","""",""M"",""0.0"","""","""","""",""30"","""",""69"","""""
"2015-03-03,""2015"",""03"",""03"",""†"",""-2.2"","""",""-22.1"","""",""-12.2"","""",""30.2"","""",""0.0"","""","""",""M"","""",""M"",""4.5"","""","""","""",""29"","""",""37"","""""
"2015-03-04,""2015"",""03"",""04"",""†"",""-2.6"","""",""-15.0"","""",""-8.8"","""",""26.8"","""",""0.0"","""","""",""M"","""",""M"",""0.2"","""","""","""",""31"","""",""48"","""""
"2015-03-05,""2015"",""03"",""05"",""†"",""-13.0"","""",""-23.4"","""",""-18.2"","""",""36.2"","""",""0.0"","""","""",""M"","""",""M"",""0.4"","""","""","""",""31"","""",""39"","""""
"2015-03-06,""2015"",""03"",""06"",""†"",""-7.0"","""",""-27.2"","""",""-17.1"","""",""35.1"","""",""0.0"","""","""",""M"","""",""M"",""0.2"","""","""","""",""23"","""",""37"","""""
"2015-03-07,""2015"",""03"",""07"",""†"",""-1.6"","""",""-13.1"","""",""-7.4"","""",""25.4"","""",""0.0"","""","""",""M"","""",""M"",""0.0"","""","""","""","""","""",""<31"","""""
"2015-03-08,""2015"",""03"",""08"",""†"",""-0.6"","""",""-8.7"","""",""-4.7"","""",""22.7"","""",""0.0"","""","""",""M"","""",""M"",""0.0"","""","""","""",""30"","""",""50"","""""
"2015-03-09,""2015"",""03"",""09"",""†"",""5.5"","""",""-4.4"","""",""0.6"","""",""17.4"","""",""0.0"","""","""",""M"","""",""M"",""0.0"","""","""","""",""29"","""",""43"","""""
"2015-03-10,""2015"",""03"",""10"",""†"",""7.2"","""",""-4.2"","""",""1.5"","""",""16.5"","""",""0.0"","""","""",""M"","""",""M"",""0.0"","""","""","""","""","""",""<31"","""""
"2015-03-11,""2015"",""03"",""11"",""†"",""4.5"","""",""-1.3"","""",""1.6"","""",""16.4"","""",""0.0"","""","""",""M"","""",""M"",""0.0"","""","""","""",""31"","""",""63"","""""
"2015-03-12,""2015"",""03"",""12"",""†"",""0.5"","""",""-5.9"","""",""-2.7"","""",""20.7"","""",""0.0"","""","""",""M"","""",""M"",""0.0"","""","""","""","""","""",""<31"","""""
"2015-03-13,""2015"",""03"",""13"",""†"",""3.4"","""",""-3.7"","""",""-0.2"","""",""18.2"","""",""0.0"","""","""",""M"","""",""M"",""0.0"","""","""","""",""9"","""",""33"","""""
"2015-03-14,""2015"",""03"",""14"",""†"",""3.1"","""",""-0.9"","""",""1.1"","""",""16.9"","""",""0.0"","""","""",""M"","""",""M"",""0.0"","""","""","""",""28"","""",""50"","""""
"2015-03-15,""2015"",""03"",""15"",""†"",""2.3"","""",""-3.1"","""",""-0.4"","""",""18.4"","""",""0.0"","""","""",""M"","""",""M"",""0.0"","""","""","""",""31"","""",""54"","""""
"2015-03-16,""2015"",""03"",""16"",""†"",""9.1"","""",""-2.1"","""",""3.5"","""",""14.5"","""",""0.0"","""","""",""M"","""",""M"",""2.3"","""","""","""","""","""",""<31"","""""
"2015-03-17,""2015"",""03"",""17"",""†"",""3.4"","""",""-5.7"","""",""-1.2"","""",""19.2"","""",""0.0"","""","""",""M"","""",""M"",""0.7"","""","""","""",""30"","""",""74"","""""
"2015-03-18,""2015"",""03"",""18"",""†"",""-1.8"","""",""-11.3"","""",""-6.6"","""",""24.6"","""",""0.0"","""","""",""M"","""",""M"",""0.2"","""","""","""",""30"","""",""52"","""""
"2015-03-19,""2015"",""03"",""19"",""†"",""-0.4"","""",""-12.3"","""",""-6.4"","""",""24.4"","""",""0.0"","""","""",""M"","""",""M"",""0.0"","""","""","""","""","""",""<31"","""""
"2015-03-20,""2015"",""03"",""20"",""†"",""7.0"","""",""-5.0"","""",""1.0"","""",""17.0"","""",""0.0"","""","""",""M"","""",""M"",""0.2"","""","""","""","""","""",""<31"","""""
"2015-03-21,""2015"",""03"",""21"",""†"",""2.5"","""",""-7.8"","""",""-2.7"","""",""20.7"","""",""0.0"","""","""",""M"","""",""M"",""4.6"","""",""0"",""T"",""31"","""",""67"","""""
"2015-03-22,""2015"",""03"",""22"",""†"",""-6.5"","""",""-16.1"","""",""-11.3"","""",""29.3"","""",""0.0"","""","""",""M"","""",""M"",""0.2"","""","""","""",""30"","""",""52"","""""
"2015-03-23,""2015"",""03"",""23"",""†"",""-6.3"","""",""-16.5"","""",""-11.4"","""",""29.4"","""",""0.0"","""","""",""M"","""",""M"",""0.2"","""","""","""","""","""",""<31"","""""
"2015-03-24,""2015"",""03"",""24"",""†"",""1.5"","""",""-15.3"","""",""-6.9"","""",""24.9"","""",""0.0"","""","""",""M"","""",""M"",""0.0"","""","""","""","""","""",""<31"","""""
"2015-03-25,""2015"",""03"",""25"",""†"",""3.8"","""",""-9.6"","""",""-2.9"","""",""20.9"","""",""0.0"","""","""",""M"","""",""M"",""1.8"","""",""0"",""T"",""28"","""",""39"","""""
"2015-03-26,""2015"",""03"",""26"",""†"",""4.4"","""",""-0.8"","""",""1.8"","""",""16.2"","""",""0.0"","""","""",""M"","""",""M"",""0.0"","""","""","""",""28"","""",""37"","""""
"2015-03-27,""2015"",""03"",""27"",""†"",""-0.8"","""",""-11.9"","""",""-6.4"","""",""24.4"","""",""0.0"","""","""",""M"","""",""M"",""0.4"","""",""0"",""T"",""28"","""",""39"","""""
"2015-03-28,""2015"",""03"",""28"",""†"",""-3.2"","""",""-14.0"","""",""-8.6"","""",""26.6"","""",""0.0"","""","""",""M"","""",""M"",""0.2"","""",""0"",""T"",""30"","""",""37"","""""
"2015-03-29,""2015"",""03"",""29"",""†"",""6.3"","""",""-12.3"","""",""-3.0"","""",""21.0"","""",""0.0"","""","""",""M"","""",""M"",""0.0"","""","""","""",""22"","""",""54"","""""
"2015-03-30,""2015"",""03"",""30"",""†"",""4.8"","""",""-3.6"","""",""0.6"","""",""17.4"","""",""0.0"","""","""",""M"","""",""M"",""0.9"","""","""","""",""31"","""",""63"","""""
"2015-03-31,""2015"",""03"",""31"",""†"",""3.7"","""",""-6.8"","""",""-1.6"","""",""19.6"","""",""0.0"","""","""",""M"","""",""M"",""0.0"","""","""","""",""29"","""",""33"","""""
"2015-04-01,""2015"",""04"",""01"",""†"",""7.1"","""",""-7.9"","""",""-0.4"","""",""18.4"","""",""0.0"","""","""",""M"","""",""M"",""0.0"","""",""0"",""T"","""","""",""<31"","""""
"2015-04-02,""2015"",""04"",""02"",""†"",""18.5"","""",""0.1"","""",""9.3"","""",""8.7"","""",""0.0"","""","""",""M"","""",""M"",""1.9"","""",""0"",""T"",""25"","""",""44"","""""
"2015-04-03,""2015"",""04"",""03"",""†"",""11.9"","""",""-1.9"","""",""5.0"","""",""13.0"","""",""0.0"","""","""",""M"","""",""M"",""0.4"","""","""","""",""30"","""",""37"","""""
"2015-04-04,""2015"",""04"",""04"",""†"",""2.6"","""",""-4.1"","""",""-0.8"","""",""18.8"","""",""0.0"","""","""",""M"","""",""M"",""0.0"","""","""","""",""29"","""",""46"","""""
"2015-04-05,""2015"",""04"",""05"",""†"",""4.1"","""",""-7.2"","""",""-1.6"","""",""19.6"","""",""0.0"","""","""",""M"","""",""M"",""0.2"","""",""0"",""T"",""29"","""",""37"","""""
"2015-04-06,""2015"",""04"",""06"",""†"",""6.8"","""",""-2.0"","""",""2.4"","""",""15.6"","""",""0.0"","""","""",""M"","""",""M"",""0.0"","""",""0"",""T"","""","""",""<31"","""""
"2015-04-07,""2015"",""04"",""07"",""†"",""9.0"","""",""0.0"","""",""4.5"","""",""13.5"","""",""0.0"","""","""",""M"","""",""M"",""0.0"","""",""0"",""T"","""","""",""<31"","""""
"2015-04-08,""2015"",""04"",""08"",""†"",""1.9"","""",""-0.4"","""",""0.8"","""",""17.2"","""",""0.0"","""","""",""M"","""",""M"",""6.8"","""",""0"",""T"",""8"","""",""41"","""""
"2015-04-09,""2015"",""04"",""09"",""†"",""8.9"","""",""-0.4"","""",""4.3"","""",""13.7"","""",""0.0"","""","""",""M"","""",""M"",""13.2"","""",""0"",""T"",""10"","""",""32"","""""
"2015-04-10,""2015"",""04"",""10"",""†"",""13.6"","""",""1.1"","""",""7.4"","""",""10.6"","""",""0.0"","""","""",""M"","""",""M"",""3.3"","""","""","""",""28"","""",""67"","""""
"2015-04-11,""2015"",""04"",""11"",""†"",""7.9"","""",""-0.4"","""",""3.8"","""",""14.2"","""",""0.0"","""","""",""M"","""",""M"",""0.2"","""","""","""",""31"","""",""50"","""""
"2015-04-12,""2015"",""04"",""12"",""†"",""17.5"","""",""-2.6"","""",""7.5"","""",""10.5"","""",""0.0"","""","""",""M"","""",""M"",""0.0"","""","""","""","""","""",""<31"","""""
"2015-04-13,""2015"",""04"",""13"",""†"",""20.6"","""",""-0.8"","""",""9.9"","""",""8.1"","""",""0.0"","""","""",""M"","""",""M"",""9.2"","""","""","""",""30"","""",""70"","""""
"2015-04-14,""2015"",""04"",""14"",""†"",""14.6"","""",""0.6"","""",""7.6"","""",""10.4"","""",""0.0"","""","""",""M"","""",""M"",""0.0"","""","""","""",""30"","""",""43"","""""
"2015-04-15,""2015"",""04"",""15"",""†"",""14.1"","""",""0.9"","""",""7.5"","""",""10.5"","""",""0.0"","""","""",""M"","""",""M"",""0.0"","""","""","""",""34"","""",""37"","""""
"2015-04-16,""2015"",""04"",""16"",""†"",""18.1"","""",""0.4"","""",""9.3"","""",""8.7"","""",""0.0"","""","""",""M"","""",""M"",""3.5"","""","""","""",""20"","""",""39"","""""
"2015-04-17,""2015"",""04"",""17"",""†"",""18.2"","""",""3.4"","""",""10.8"","""",""7.2"","""",""0.0"","""","""",""M"","""",""M"",""0.0"","""","""","""",""29"","""",""44"","""""
"2015-04-18,""2015"",""04"",""18"",""†"",""15.6"","""",""1.5"","""",""8.6"","""",""9.4"","""",""0.0"","""","""",""M"","""",""M"",""0.0"","""","""","""",""29"","""",""52"","""""
"2015-04-19,""2015"",""04"",""19"",""†"",""12.9"","""",""0.6"","""",""6.8"","""",""11.2"","""",""0.0"","""","""",""M"","""",""M"",""0.5"","""","""","""",""10"","""",""41"","""""
"2015-04-20,""2015"",""04"",""20"",""†"",""14.4"","""",""4.3"","""",""9.4"","""",""8.6"","""",""0.0"","""","""",""M"","""",""M"",""26.6"","""","""","""",""13"","""",""56"","""""
"2015-04-21,""2015"",""04"",""21"",""†"",""8.9"","""",""1.3"","""",""5.1"","""",""12.9"","""",""0.0"","""","""",""M"","""",""M"",""4.0"","""","""","""",""23"","""",""46"","""""
"2015-04-22,""2015"",""04"",""22"",""†"","""",""M"",""0.7"",""E"","""",""M"","""",""M"","""",""M"","""",""M"","""",""M"","""",""M"","""","""","""","""",""<31"","""""
"2015-04-23,""2015"",""04"",""23"",""†"",""0.4"","""",""-3.0"","""",""-1.3"","""",""19.3"","""",""0.0"","""","""",""M"","""",""M"",""0.4"","""","""","""",""30"","""",""57"","""""
"2015-04-24,""2015"",""04"",""24"",""†"",""3.9"","""",""-3.3"","""",""0.3"","""",""17.7"","""",""0.0"","""","""",""M"","""",""M"",""0.0"","""","""","""",""30"","""",""59"","""""
"2015-04-25,""2015"",""04"",""25"",""†"",""9.5"","""",""-4.9"","""",""2.3"","""",""15.7"","""",""0.0"","""","""",""M"","""",""M"",""0.0"","""","""","""",""32"","""",""35"","""""
"2015-04-26,""2015"",""04"",""26"",""†"",""9.2"","""",""0.9"","""",""5.1"","""",""12.9"","""",""0.0"","""","""",""M"","""",""M"",""0.0"","""","""","""",""33"","""",""33"","""""
"2015-04-27,""2015"",""04"",""27"",""†"",""12.5"","""",""2.1"","""",""7.3"","""",""10.7"","""",""0.0"","""","""",""M"","""",""M"",""0.0"","""","""","""",""33"","""",""37"","""""
"2015-04-28,""2015"",""04"",""28"",""†"",""16.2"","""",""2.2"","""",""9.2"","""",""8.8"","""",""0.0"","""","""",""M"","""",""M"",""0.0"","""","""","""",""27"","""",""41"","""""
"2015-04-29,""2015"",""04"",""29"",""†"",""19.1"","""",""3.3"","""",""11.2"","""",""6.8"","""",""0.0"","""","""",""M"","""",""M"",""0.0"","""","""","""","""","""",""<31"","""""
"2015-04-30,""2015"",""04"",""30"",""†"",""19.5"","""",""2.2"","""",""10.9"","""",""7.1"","""",""0.0"","""","""",""M"","""",""M"",""0.0"","""","""","""","""","""",""<31"","""""
"2015-05-01,""2015"",""05"",""01"",""†"",""20.0"","""",""4.5"","""",""12.3"","""",""5.7"","""",""0.0"","""","""",""M"","""",""M"",""0.0"","""","""","""",""28"","""",""37"","""""
"2015-05-02,""2015"",""05"",""02"",""†"",""21.7"","""",""3.7"","""",""12.7"","""",""5.3"","""",""0.0"","""","""",""M"","""",""M"",""0.0"","""","""","""",""31"","""",""33"","""""
"2015-05-03,""2015"",""05"",""03"",""†"",""24.8"","""",""7.5"","""",""16.2"","""",""1.8"","""",""0.0"","""","""",""M"","""",""M"",""0.0"","""","""","""",""27"","""",""32"","""""
"2015-05-04,""2015"",""05"",""04"",""†"",""22.7"","""",""6.7"","""",""14.7"","""",""3.3"","""",""0.0"","""","""",""M"","""",""M"",""2.2"","""","""","""",""24"","""",""48"","""""
"2015-05-05,""2015"",""05"",""05"",""†"",""17.2"","""",""2.9"","""",""10.1"","""",""7.9"","""",""0.0"","""","""",""M"","""",""M"",""0.0"","""","""","""","""","""",""<31"","""""
"2015-05-06,""2015"",""05"",""06"",""†"",""21.8"","""",""2.7"","""",""12.3"","""",""5.7"","""",""0.0"","""","""",""M"","""",""M"",""0.0"","""","""","""","""","""",""<31"","""""
"2015-05-07,""2015"",""05"",""07"",""†"",""26.0"","""",""4.5"","""",""15.3"","""",""2.7"","""",""0.0"","""","""",""M"","""",""M"",""0.0"","""","""","""","""","""",""<31"","""""
"2015-05-08,""2015"",""05"",""08"",""†"",""29.7"","""",""10.6"","""",""20.2"","""",""0.0"","""",""2.2"","""","""",""M"","""",""M"",""0.0"","""","""","""",""16"","""",""33"","""""
"2015-05-09,""2015"",""05"",""09"",""†"",""29.0"","""",""14.3"","""",""21.7"","""",""0.0"","""",""3.7"","""","""",""M"","""",""M"",""1.5"","""","""","""",""25"","""",""48"","""""
"2015-05-10,""2015"",""05"",""10"",""†"",""21.1"","""",""11.5"","""",""16.3"","""",""1.7"","""",""0.0"","""","""",""M"","""",""M"",""8.3"","""","""","""","""","""",""<31"","""""
"2015-05-11,""2015"",""05"",""11"",""†"",""21.4"","""",""11.3"","""",""16.4"","""",""1.6"","""",""0.0"","""","""",""M"","""",""M"",""1.5"","""","""","""",""18"","""",""32"","""""
"2015-05-12,""2015"",""05"",""12"",""†"",""16.9"","""",""4.4"","""",""10.7"","""",""7.3"","""",""0.0"","""","""",""M"","""",""M"",""0.9"","""","""","""",""28"","""",""52"","""""
"2015-05-13,""2015"",""05"",""13"",""†"",""12.6"","""",""3.5"","""",""8.1"","""",""9.9"","""",""0.0"","""","""",""M"","""",""M"",""0.4"","""","""","""",""26"","""",""41"","""""
"2015-05-14,""2015"",""05"",""14"",""†"",""17.8"","""",""-0.6"","""",""8.6"","""",""9.4"","""",""0.0"","""","""",""M"","""",""M"",""0.0"","""","""","""","""","""",""<31"","""""
"2015-05-15,""2015"",""05"",""15"",""†"",""16.0"","""",""5.7"","""",""10.9"","""",""7.1"","""",""0.0"","""","""",""M"","""",""M"",""0.0"","""","""","""","""","""",""<31"","""""
"2015-05-16,""2015"",""05"",""16"",""†"",""19.0"","""",""6.6"","""",""12.8"","""",""5.2"","""",""0.0"","""","""",""M"","""",""M"",""0.0"","""","""","""",""28"","""",""33"","""""
"2015-05-17,""2015"",""05"",""17"",""†"",""24.7"","""",""5.5"","""",""15.1"","""",""2.9"","""",""0.0"","""","""",""M"","""",""M"",""0.0"","""","""","""","""","""",""<31"","""""
"2015-05-18,""2015"",""05"",""18"",""†"",""28.7"","""",""14.6"","""",""21.7"","""",""0.0"","""",""3.7"","""","""",""M"","""",""M"",""0.5"","""","""","""",""29"","""",""57"","""""
"2015-05-19,""2015"",""05"",""19"",""†"",""15.7"","""",""2.1"","""",""8.9"","""",""9.1"","""",""0.0"","""","""",""M"","""",""M"",""0.0"","""","""","""",""28"","""",""56"","""""
"2015-05-20,""2015"",""05"",""20"",""†"",""11.8"","""",""1.2"","""",""6.5"","""",""11.5"","""",""0.0"","""","""",""M"","""",""M"",""0.2"","""","""","""",""30"","""",""44"","""""
"2015-05-21,""2015"",""05"",""21"",""†"",""18.2"","""",""5.1"","""",""11.7"","""",""6.3"","""",""0.0"","""","""",""M"","""",""M"",""0.0"","""","""","""",""31"","""",""46"","""""
"2015-05-22,""2015"",""05"",""22"",""†"",""10.3"","""",""-1.7"","""",""4.3"","""",""13.7"","""",""0.0"","""","""",""M"","""",""M"",""0.0"","""","""","""",""30"","""",""52"","""""
"2015-05-23,""2015"",""05"",""23"",""†"",""20.8"","""",""-2.4"","""",""9.2"","""",""8.8"","""",""0.0"","""","""",""M"","""",""M"",""0.0"","""","""","""",""26"","""",""37"","""""
"2015-05-24,""2015"",""05"",""24"",""†"",""25.9"","""",""8.3"","""",""17.1"","""",""0.9"","""",""0.0"","""","""",""M"","""",""M"",""0.0"","""","""","""",""31"","""",""33"","""""
"2015-05-25,""2015"",""05"",""25"",""†"",""23.4"","""",""13.4"","""",""18.4"","""",""0.0"","""",""0.4"","""","""",""M"","""",""M"",""8.5"","""","""","""",""28"","""",""37"","""""
"2015-05-26,""2015"",""05"",""26"",""†"",""28.6"","""",""16.6"","""",""22.6"","""",""0.0"","""",""4.6"","""","""",""M"","""",""M"",""0.0"","""","""","""",""15"","""",""37"","""""
"2015-05-27,""2015"",""05"",""27"",""†"",""26.9"","""",""13.2"","""",""20.1"","""",""0.0"","""",""2.1"","""","""",""M"","""",""M"",""0.9"","""","""","""",""23"","""",""46"","""""
"2015-05-28,""2015"",""05"",""28"",""†"",""22.5"","""",""10.3"","""",""16.4"","""",""1.6"","""",""0.0"","""","""",""M"","""",""M"",""0.0"","""","""","""",""29"","""",""41"","""""
"2015-05-29,""2015"",""05"",""29"",""†"",""26.2"","""",""9.5"","""",""17.9"","""",""0.1"","""",""0.0"","""","""",""M"","""",""M"",""0.0"","""","""","""",""17"","""",""32"","""""
"2015-05-30,""2015"",""05"",""30"",""†"",""25.1"","""",""8.4"","""",""16.8"","""",""1.2"","""",""0.0"","""","""",""M"","""",""M"",""2.5"","""","""","""",""27"","""",""43"","""""
"2015-05-31,""2015"",""05"",""31"",""†"",""11.7"","""",""4.4"","""",""8.1"","""",""9.9"","""",""0.0"","""","""",""M"","""",""M"",""1.1"","""","""","""","""","""",""<31"","""""
"2015-06-01,""2015"",""06"",""01"",""†"",""18.8"","""",""4.0"","""",""11.4"","""",""6.6"","""",""0.0"","""","""",""M"","""",""M"",""0.0"","""","""","""",""6"","""",""37"","""""
"2015-06-02,""2015"",""06"",""02"",""†"",""20.6"","""",""4.4"","""",""12.5"","""",""5.5"","""",""0.0"","""","""",""M"","""",""M"",""0.0"","""","""","""","""","""",""<31"","""""
"2015-06-03,""2015"",""06"",""03"",""†"",""20.5"","""",""4.6"","""",""12.6"","""",""5.4"","""",""0.0"","""","""",""M"","""",""M"",""0.0"","""","""","""",""15"","""",""32"","""""
"2015-06-04,""2015"",""06"",""04"",""†"",""22.8"","""",""5.2"","""",""14.0"","""",""4.0"","""",""0.0"","""","""",""M"","""",""M"",""0.0"","""","""","""","""","""",""<31"","""""
"2015-06-05,""2015"",""06"",""05"",""†"",""24.0"","""",""10.7"","""",""17.4"","""",""0.6"","""",""0.0"","""","""",""M"","""",""M"",""0.0"","""","""","""",""1"","""",""41"","""""
"2015-06-06,""2015"",""06"",""06"",""†"",""19.0"","""",""5.5"","""",""12.3"","""",""5.7"","""",""0.0"","""","""",""M"","""",""M"",""0.0"","""","""","""",""2"","""",""35"","""""
"2015-06-07,""2015"",""06"",""07"",""†"",""22.0"","""",""4.1"","""",""13.1"","""",""4.9"","""",""0.0"","""","""",""M"","""",""M"",""5.0"","""","""","""",""17"","""",""41"","""""
"2015-06-08,""2015"",""06"",""08"",""†"",""22.5"","""",""15.2"","""",""18.9"","""",""0.0"","""",""0.9"","""","""",""M"","""",""M"",""10.1"","""","""","""",""29"","""",""35"","""""
"2015-06-09,""2015"",""06"",""09"",""†"",""21.6"","""",""11.5"","""",""16.6"","""",""1.4"","""",""0.0"","""","""",""M"","""",""M"",""0.0"","""","""","""",""29"","""",""39"","""""
"2015-06-10,""2015"",""06"",""10"",""†"",""26.8"","""",""9.1"","""",""18.0"","""",""0.0"","""",""0.0"","""","""",""M"","""",""M"",""29.1"","""","""","""",""29"","""",""59"","""""
"2015-06-11,""2015"",""06"",""11"",""†"",""21.0"","""",""11.6"","""",""16.3"","""",""1.7"","""",""0.0"","""","""",""M"","""",""M"",""0.0"","""","""","""",""28"","""",""35"","""""
"2015-06-12,""2015"",""06"",""12"",""†"",""15.1"","""",""13.0"","""",""14.1"","""",""3.9"","""",""0.0"","""","""",""M"","""",""M"",""35.5"","""","""","""","""","""",""<31"","""""
"2015-06-13,""2015"",""06"",""13"",""†"",""23.5"","""",""13.7"","""",""18.6"","""",""0.0"","""",""0.6"","""","""",""M"","""",""M"",""0.0"","""","""","""","""","""",""<31"","""""
"2015-06-14,""2015"",""06"",""14"",""†"",""19.6"","""",""14.6"","""",""17.1"","""",""0.9"","""",""0.0"","""","""",""M"","""",""M"",""13.2"","""","""","""","""","""",""<31"","""""
"2015-06-15,""2015"",""06"",""15"",""†"",""24.5"","""",""16.0"","""",""20.3"","""",""0.0"","""",""2.3"","""","""",""M"","""",""M"",""0.0"","""","""","""","""","""",""<31"","""""
"2015-06-16,""2015"",""06"",""16"",""†"",""22.9"","""",""11.3"","""",""17.1"","""",""0.9"","""",""0.0"","""","""",""M"","""",""M"",""4.0"","""","""","""",""29"","""",""48"","""""
"2015-06-17,""2015"",""06"",""17"",""†"",""21.3"","""",""9.1"","""",""15.2"","""",""2.8"","""",""0.0"","""","""",""M"","""",""M"",""0.0"","""","""","""","""","""",""<31"","""""
"2015-06-18,""2015"",""06"",""18"",""†"",""25.5"","""",""9.3"","""",""17.4"","""",""0.6"","""",""0.0"","""","""",""M"","""",""M"",""1.4"","""","""","""",""34"","""",""32"","""""
"2015-06-19,""2015"",""06"",""19"",""†"",""19.6"","""",""8.4"","""",""14.0"","""",""4.0"","""",""0.0"","""","""",""M"","""",""M"",""0.0"","""","""","""","""","""",""<31"","""""
"2015-06-20,""2015"",""06"",""20"",""†"",""23.2"","""",""6.8"","""",""15.0"","""",""3.0"","""",""0.0"","""","""",""M"","""",""M"",""0.0"","""","""","""","""","""",""<31"","""""
"2015-06-21,""2015"",""06"",""21"",""†"",""22.7"","""",""13.5"","""",""18.1"","""",""0.0"","""",""0.1"","""","""",""M"","""",""M"",""0.0"","""","""","""",""29"","""",""44"","""""
"2015-06-22,""2015"",""06"",""22"",""†"",""25.0"","""",""11.9"","""",""18.5"","""",""0.0"","""",""0.5"","""","""",""M"","""",""M"",""23.4"","""","""","""",""15"","""",""37"","""""
"2015-06-23,""2015"",""06"",""23"",""†"",""21.4"","""",""12.0"","""",""16.7"","""",""1.3"","""",""0.0"","""","""",""M"","""",""M"",""0.0"","""","""","""",""29"","""",""56"","""""
"2015-06-24,""2015"",""06"",""24"",""†"",""24.3"","""",""8.5"","""",""16.4"","""",""1.6"","""",""0.0"","""","""",""M"","""",""M"",""0.0"","""","""","""",""31"","""",""33"","""""
"2015-06-25,""2015"",""06"",""25"",""†"",""19.1"","""",""10.4"","""",""14.8"","""",""3.2"","""",""0.0"","""","""",""M"","""",""M"",""0.5"","""","""","""","""","""",""<31"","""""
"2015-06-26,""2015"",""06"",""26"",""†"",""23.1"","""",""9.5"","""",""16.3"","""",""1.7"","""",""0.0"","""","""",""M"","""",""M"",""0.0"","""","""","""","""","""",""<31"","""""
"2015-06-27,""2015"",""06"",""27"",""†"",""18.3"","""",""11.8"","""",""15.1"","""",""2.9"","""",""0.0"","""","""",""M"","""",""M"",""17.7"","""","""","""",""9"","""",""44"","""""
"2015-06-28,""2015"",""06"",""28"",""†"",""15.1"","""",""12.1"","""",""13.6"","""",""4.4"","""",""0.0"","""","""",""M"","""",""M"",""27.9"","""","""","""",""6"","""",""37"","""""
"2015-06-29,""2015"",""06"",""29"",""†"",""23.2"","""",""12.8"","""",""18.0"","""",""0.0"","""",""0.0"","""","""",""M"","""",""M"",""0.0"","""","""","""","""","""",""<31"","""""
"2015-06-30,""2015"",""06"",""30"",""†"",""19.7"","""",""11.6"","""",""15.7"","""",""2.3"","""",""0.0"","""","""",""M"","""",""M"",""3.2"","""","""","""",""10"","""",""32"","""""
"2015-07-01,""2015"",""07"",""01"",""†"",""18.9"","""",""12.7"","""",""15.8"","""",""2.2"","""",""0.0"","""","""",""M"","""",""M"",""0.5"","""","""","""",""29"","""",""48"","""""
"2015-07-02,""2015"",""07"",""02"",""†"",""20.2"","""",""8.4"","""",""14.3"","""",""3.7"","""",""0.0"","""","""",""M"","""",""M"",""0.0"","""","""","""",""31"","""",""39"","""""
"2015-07-03,""2015"",""07"",""03"",""†"",""22.0"","""",""6.9"","""",""14.5"","""",""3.5"","""",""0.0"","""","""",""M"","""",""M"",""0.0"","""","""","""","""","""",""<31"","""""
"2015-07-04,""2015"",""07"",""04"",""†"",""24.6"","""",""9.1"","""",""16.9"","""",""1.1"","""",""0.0"","""","""",""M"","""",""M"",""0.0"","""","""","""","""","""",""<31"","""""
"2015-07-05,""2015"",""07"",""05"",""†"",""25.7"","""",""11.0"","""",""18.4"","""",""0.0"","""",""0.4"","""","""",""M"","""",""M"",""0.0"","""","""","""","""","""",""<31"","""""
"2015-07-06,""2015"",""07"",""06"",""†"",""26.9"","""",""13.2"","""",""20.1"","""",""0.0"","""",""2.1"","""","""",""M"","""",""M"",""0.0"","""","""","""","""","""",""<31"","""""
"2015-07-07,""2015"",""07"",""07"",""†"",""25.6"","""",""12.7"","""",""19.2"","""",""0.0"","""",""1.2"","""","""",""M"","""",""M"",""15.3"","""","""","""",""30"","""",""37"","""""
"2015-07-08,""2015"",""07"",""08"",""†"",""21.2"","""",""10.7"","""",""16.0"","""",""2.0"","""",""0.0"","""","""",""M"","""",""M"",""0.2"","""","""","""","""","""",""<31"","""""
"2015-07-09,""2015"",""07"",""09"",""†"",""23.6"","""",""11.8"","""",""17.7"","""",""0.3"","""",""0.0"","""","""",""M"","""",""M"",""0.0"","""","""","""","""","""",""<31"","""""
"2015-07-10,""2015"",""07"",""10"",""†"",""24.8"","""",""11.7"","""",""18.3"","""",""0.0"","""",""0.3"","""","""",""M"","""",""M"",""0.0"","""","""","""",""27"","""",""32"","""""
"2015-07-11,""2015"",""07"",""11"",""†"",""27.2"","""",""13.5"","""",""20.4"","""",""0.0"","""",""2.4"","""","""",""M"","""",""M"",""0.0"","""","""","""","""","""",""<31"","""""
"2015-07-12,""2015"",""07"",""12"",""†"",""27.8"","""",""12.9"","""",""20.4"","""",""0.0"","""",""2.4"","""","""",""M"","""",""M"",""0.0"","""","""","""","""","""",""<31"","""""
"2015-07-13,""2015"",""07"",""13"",""†"",""27.2"","""",""13.4"","""",""20.3"","""",""0.0"","""",""2.3"","""","""",""M"","""",""M"",""0.0"","""","""","""",""18"","""",""32"","""""
"2015-07-14,""2015"",""07"",""14"",""†"",""26.1"","""",""11.7"","""",""18.9"","""",""0.0"","""",""0.9"","""","""",""M"","""",""M"",""0.0"","""","""","""",""3"","""",""50"","""""
"2015-07-15,""2015"",""07"",""15"",""†"",""20.8"","""",""8.3"","""",""14.6"","""",""3.4"","""",""0.0"","""","""",""M"","""",""M"",""0.2"","""","""","""","""","""",""<31"","""""
"2015-07-16,""2015"",""07"",""16"",""†"",""22.9"","""",""8.3"","""",""15.6"","""",""2.4"","""",""0.0"","""","""",""M"","""",""M"",""0.0"","""","""","""","""","""",""<31"","""""
"2015-07-17,""2015"",""07"",""17"",""†"",""19.0"","""",""11.6"","""",""15.3"","""",""2.7"","""",""0.0"","""","""",""M"","""",""M"",""5.2"","""","""","""",""16"","""",""32"","""""
"2015-07-18,""2015"",""07"",""18"",""†"",""28.4"","""",""18.0"","""",""23.2"","""",""0.0"","""",""5.2"","""","""",""M"","""",""M"",""0.0"","""","""","""","""","""",""<31"","""""
"2015-07-19,""2015"",""07"",""19"",""†"",""29.4"","""",""17.3"","""",""23.4"","""",""0.0"","""",""5.4"","""","""",""M"","""",""M"",""5.9"","""","""","""",""29"","""",""43"","""""
"2015-07-20,""2015"",""07"",""20"",""†"",""27.5"","""",""14.7"","""",""21.1"","""",""0.0"","""",""3.1"","""","""",""M"","""",""M"",""2.2"","""","""","""",""28"","""",""35"","""""
"2015-07-21,""2015"",""07"",""21"",""†"",""22.1"","""",""14.3"","""",""18.2"","""",""0.0"","""",""0.2"","""","""",""M"","""",""M"",""0.4"","""","""","""",""30"","""",""52"","""""
"2015-07-22,""2015"",""07"",""22"",""†"",""21.4"","""",""11.1"","""",""16.3"","""",""1.7"","""",""0.0"","""","""",""M"","""",""M"",""0.0"","""","""","""",""30"","""",""48"","""""
"2015-07-23,""2015"",""07"",""23"",""†"",""23.5"","""",""9.3"","""",""16.4"","""",""1.6"","""",""0.0"","""","""",""M"","""",""M"",""0.0"","""","""","""","""","""",""<31"","""""
"2015-07-24,""2015"",""07"",""24"",""†"",""27.1"","""",""10.1"","""",""18.6"","""",""0.0"","""",""0.6"","""","""",""M"","""",""M"",""0.0"","""","""","""","""","""",""<31"","""""
"2015-07-25,""2015"",""07"",""25"",""†"",""28.1"","""",""16.3"","""",""22.2"","""",""0.0"","""",""4.2"","""","""",""M"","""",""M"",""0.0"","""","""","""",""27"","""",""33"","""""
"2015-07-26,""2015"",""07"",""26"",""†"",""28.9"","""",""15.0"","""",""22.0"","""",""0.0"","""",""4.0"","""","""",""M"","""",""M"",""0.0"","""","""","""","""","""",""<31"","""""
"2015-07-27,""2015"",""07"",""27"",""†"",""30.3"","""",""14.1"","""",""22.2"","""",""0.0"","""",""4.2"","""","""",""M"","""",""M"",""0.0"","""","""","""","""","""",""<31"","""""
"2015-07-28,""2015"",""07"",""28"",""†"",""30.8"","""",""15.1"","""",""23.0"","""",""0.0"","""",""5.0"","""","""",""M"","""",""M"",""0.0"","""","""","""","""","""",""<31"","""""
"2015-07-29,""2015"",""07"",""29"",""†"",""31.4"","""",""16.4"","""",""23.9"","""",""0.0"","""",""5.9"","""","""",""M"","""",""M"",""1.9"","""","""","""",""28"","""",""32"","""""
"2015-07-30,""2015"",""07"",""30"",""†"",""27.5"","""",""15.1"","""",""21.3"","""",""0.0"","""",""3.3"","""","""",""M"","""",""M"",""0.0"","""","""","""",""29"","""",""44"","""""
"2015-07-31,""2015"",""07"",""31"",""†"",""27.3"","""",""12.8"","""",""20.1"","""",""0.0"","""",""2.1"","""","""",""M"","""",""M"","""",""M"","""","""",""30"","""",""56"","""""
"2015-08-01,""2015"",""08"",""01"",""†"",""23.9"","""",""12.6"","""",""18.3"","""",""0.0"","""",""0.3"","""","""",""M"","""",""M"",""0.0"","""","""","""",""30"","""",""39"","""""
"2015-08-02,""2015"",""08"",""02"",""†"",""27.7"",""E"",""12.1"",""E"",""19.9"",""E"",""0.0"",""E"",""1.9"",""E"","""",""M"","""",""M"","""",""M"","""","""",""32"","""",""56"","""""
"2015-08-03,""2015"",""08"",""03"",""†"",""23.7"","""",""14.9"","""",""19.3"","""",""0.0"","""",""1.3"","""","""",""M"","""",""M"",""1.7"","""","""","""",""29"","""",""41"","""""
"2015-08-04,""2015"",""08"",""04"",""†"",""21.8"","""",""12.2"","""",""17.0"","""",""1.0"","""",""0.0"","""","""",""M"","""",""M"",""2.0"","""","""","""",""31"","""",""32"","""""
"2015-08-05,""2015"",""08"",""05"",""†"",""20.4"","""",""11.2"","""",""15.8"","""",""2.2"","""",""0.0"","""","""",""M"","""",""M"","""",""M"","""","""",""30"","""",""39"","""""
"2015-08-06,""2015"",""08"",""06"",""†"",""22.8"","""",""10.4"","""",""16.6"","""",""1.4"","""",""0.0"","""","""",""M"","""",""M"",""0.0"","""","""","""","""","""",""<31"","""""
"2015-08-07,""2015"",""08"",""07"",""†"",""24.2"","""",""11.3"","""",""17.8"","""",""0.2"","""",""0.0"","""","""",""M"","""",""M"",""0.0"","""","""","""","""","""",""<31"","""""
"2015-08-08,""2015"",""08"",""08"",""†"",""21.3"","""",""11.8"","""",""16.6"","""",""1.4"","""",""0.0"","""","""",""M"","""",""M"",""0.0"","""","""","""","""","""",""<31"","""""
"2015-08-09,""2015"",""08"",""09"",""†"",""24.5"","""",""10.0"","""",""17.3"","""",""0.7"","""",""0.0"","""","""",""M"","""",""M"",""0.0"","""","""","""","""","""",""<31"","""""
"2015-08-10,""2015"",""08"",""10"",""†"",""23.4"","""",""10.6"","""",""17.0"","""",""1.0"","""",""0.0"","""","""",""M"","""",""M"",""1.0"","""","""","""","""","""",""<31"","""""
"2015-08-11,""2015"",""08"",""11"",""†"",""22.2"","""",""15.2"","""",""18.7"","""",""0.0"","""",""0.7"","""","""",""M"","""",""M"",""2.6"","""","""","""",""30"","""",""39"","""""
"2015-08-12,""2015"",""08"",""12"",""†"",""20.6"","""",""10.9"","""",""15.8"","""",""2.2"","""",""0.0"","""","""",""M"","""",""M"",""0.0"","""","""","""",""30"","""",""44"","""""
"2015-08-13,""2015"",""08"",""13"",""†"",""25.9"","""",""9.7"","""",""17.8"","""",""0.2"","""",""0.0"","""","""",""M"","""",""M"","""",""M"","""","""","""","""",""<31"","""""
"2015-08-14,""2015"",""08"",""14"",""†"",""25.4"","""",""15.8"","""",""20.6"","""",""0.0"","""",""2.6"","""","""",""M"","""",""M"",""0.0"","""","""","""","""","""",""<31"","""""
"2015-08-15,""2015"",""08"",""15"",""†"",""27.6"","""",""14.3"","""",""21.0"","""",""0.0"","""",""3.0"","""","""",""M"","""",""M"",""0.0"","""","""","""","""","""",""<31"","""""
"2015-08-16,""2015"",""08"",""16"",""†"",""29.5"","""",""14.3"","""",""21.9"","""",""0.0"","""",""3.9"","""","""",""M"","""",""M"",""0.0"","""","""","""","""","""",""<31"","""""
"2015-08-17,""2015"",""08"",""17"",""†"",""30.6"","""",""17.4"","""",""24.0"","""",""0.0"","""",""6.0"","""","""",""M"","""",""M"",""0.0"","""","""","""","""","""",""<31"","""""
"2015-08-18,""2015"",""08"",""18"",""†"",""26.8"","""",""18.0"","""",""22.4"","""",""0.0"","""",""4.4"","""","""",""M"","""",""M"",""9.8"","""","""","""","""","""",""<31"","""""
"2015-08-19,""2015"",""08"",""19"",""†"",""27.6"","""",""18.0"","""",""22.8"","""",""0.0"","""",""4.8"","""","""",""M"","""",""M"",""1.8"","""","""","""",""18"","""",""32"","""""
"2015-08-20,""2015"",""08"",""20"",""†"",""24.0"","""",""16.4"","""",""20.2"","""",""0.0"","""",""2.2"","""","""",""M"","""",""M"",""16.3"","""","""","""",""18"","""",""41"","""""
"2015-08-21,""2015"",""08"",""21"",""†"",""19.8"","""",""9.9"","""",""14.9"","""",""3.1"","""",""0.0"","""","""",""M"","""",""M"","""",""M"","""","""",""31"","""",""39"","""""
"2015-08-22,""2015"",""08"",""22"",""†"",""22.8"","""",""8.3"","""",""15.6"","""",""2.4"","""",""0.0"","""","""",""M"","""",""M"",""0.0"","""","""","""","""","""",""<31"","""""
"2015-08-23,""2015"",""08"",""23"",""†"",""23.6"","""",""9.7"","""",""16.7"","""",""1.3"","""",""0.0"","""","""",""M"","""",""M"",""0.0"","""","""","""","""","""",""<31"","""""
"2015-08-24,""2015"",""08"",""24"",""†"",""22.5"","""",""13.9"","""",""18.2"","""",""0.0"","""",""0.2"","""","""",""M"","""",""M"","""",""M"","""","""",""29"","""",""33"","""""
"2015-08-25,""2015"",""08"",""25"",""†"",""18.7"","""",""11.0"","""",""14.9"","""",""3.1"","""",""0.0"","""","""",""M"","""",""M"",""0.5"","""","""","""","""","""",""<31"","""""
"2015-08-26,""2015"",""08"",""26"",""†"",""17.0"","""",""12.1"","""",""14.6"","""",""3.4"","""",""0.0"","""","""",""M"","""",""M"","""",""M"","""","""",""29"","""",""35"","""""
"2015-08-27,""2015"",""08"",""27"",""†"",""17.5"","""",""10.3"","""",""13.9"","""",""4.1"","""",""0.0"","""","""",""M"","""",""M"",""0.3"","""","""","""","""","""",""<31"","""""
"2015-08-28,""2015"",""08"",""28"",""†"",""21.9"","""",""7.6"","""",""14.8"","""",""3.2"","""",""0.0"","""","""",""M"","""",""M"",""0.0"","""","""","""","""","""",""<31"","""""
"2015-08-29,""2015"",""08"",""29"",""†"",""20.3"","""",""10.5"","""",""15.4"","""",""2.6"","""",""0.0"","""","""",""M"","""",""M"",""0.0"","""","""","""","""","""",""<31"","""""
"2015-08-30,""2015"",""08"",""30"",""†"",""23.9"","""",""13.9"","""",""18.9"","""",""0.0"","""",""0.9"","""","""",""M"","""",""M"",""0.0"","""","""","""","""","""",""<31"","""""
"2015-08-31,""2015"",""08"",""31"",""†"",""25.6"","""",""14.2"","""",""19.9"","""",""0.0"","""",""1.9"","""","""",""M"","""",""M"",""0.0"","""","""","""","""","""",""<31"","""""
"2015-09-01,""2015"",""09"",""01"",""†"",""28.2"","""",""15.6"","""",""21.9"","""",""0.0"","""",""3.9"","""","""",""M"","""",""M"",""0.0"","""","""","""","""","""",""<31"","""""
"2015-09-02,""2015"",""09"",""02"",""†"",""29.4"","""",""15.0"","""",""22.2"","""",""0.0"","""",""4.2"","""","""",""M"","""",""M"",""0.0"","""","""","""","""","""",""<31"","""""
"2015-09-03,""2015"",""09"",""03"",""†"",""27.1"","""",""17.4"","""",""22.3"","""",""0.0"","""",""4.3"","""","""",""M"","""",""M"",""0.0"","""","""","""",""26"","""",""32"","""""
"2015-09-04,""2015"",""09"",""04"",""†"",""26.4"","""",""18.4"","""",""22.4"","""",""0.0"","""",""4.4"","""","""",""M"","""",""M"",""0.0"","""","""","""","""","""",""<31"","""""
"2015-09-05,""2015"",""09"",""05"",""†"",""28.4"","""",""15.8"","""",""22.1"","""",""0.0"","""",""4.1"","""","""",""M"","""",""M"",""7.5"","""","""","""",""23"","""",""32"","""""
"2015-09-06,""2015"",""09"",""06"",""†"",""28.5"","""",""16.5"","""",""22.5"","""",""0.0"","""",""4.5"","""","""",""M"","""",""M"",""0.0"","""","""","""","""","""",""<31"","""""
"2015-09-07,""2015"",""09"",""07"",""†"",""31.0"","""",""19.1"","""",""25.1"","""",""0.0"","""",""7.1"","""","""",""M"","""",""M"",""0.0"","""","""","""",""26"","""",""33"","""""
"2015-09-08,""2015"",""09"",""08"",""†"",""25.3"","""",""18.8"","""",""22.1"","""",""0.0"","""",""4.1"","""","""",""M"","""",""M"",""22.9"","""","""","""",""32"","""",""33"","""""
"2015-09-09,""2015"",""09"",""09"",""†"",""21.4"","""",""12.0"","""",""16.7"","""",""1.3"","""",""0.0"","""","""",""M"","""",""M"",""20.8"","""","""","""",""33"","""",""39"","""""
"2015-09-10,""2015"",""09"",""10"",""†"",""23.2"","""",""9.0"","""",""16.1"","""",""1.9"","""",""0.0"","""","""",""M"","""",""M"",""0.0"","""","""","""","""","""",""<31"","""""
"2015-09-11,""2015"",""09"",""11"",""†"",""20.9"","""",""12.8"","""",""16.9"","""",""1.1"","""",""0.0"","""","""",""M"","""",""M"",""0.3"","""","""","""","""","""",""<31"","""""
"2015-09-12,""2015"",""09"",""12"",""†"",""16.1"","""",""9.9"","""",""13.0"","""",""5.0"","""",""0.0"","""","""",""M"","""",""M"",""0.7"","""","""","""","""","""",""<31"","""""
"2015-09-13,""2015"",""09"",""13"",""†"",""13.2"","""",""7.7"","""",""10.5"","""",""7.5"","""",""0.0"","""","""",""M"","""",""M"",""15.6"","""","""","""",""33"","""",""35"","""""
"2015-09-14,""2015"",""09"",""14"",""†"",""21.9"","""",""7.5"","""",""14.7"","""",""3.3"","""",""0.0"","""","""",""M"","""",""M"",""0.0"","""","""","""",""30"","""",""35"","""""
"2015-09-15,""2015"",""09"",""15"",""†"",""27.7"","""",""8.7"","""",""18.2"","""",""0.0"","""",""0.2"","""","""",""M"","""",""M"",""0.0"","""","""","""","""","""",""<31"","""""
"2015-09-16,""2015"",""09"",""16"",""†"",""27.1"","""",""11.6"","""",""19.4"","""",""0.0"","""",""1.4"","""","""",""M"","""",""M"",""0.0"","""","""","""","""","""",""<31"","""""
"2015-09-17,""2015"",""09"",""17"",""†"",""28.0"","""",""11.0"","""",""19.5"","""",""0.0"","""",""1.5"","""","""",""M"","""",""M"",""0.0"","""","""","""","""","""",""<31"","""""
"2015-09-18,""2015"",""09"",""18"",""†"",""24.1"","""",""10.4"","""",""17.3"","""",""0.7"","""",""0.0"","""","""",""M"","""",""M"",""2.8"","""","""","""","""","""",""<31"","""""
"2015-09-19,""2015"",""09"",""19"",""†"",""22.8"","""",""9.3"","""",""16.1"","""",""1.9"","""",""0.0"","""","""",""M"","""",""M"",""1.1"","""","""","""",""28"","""",""57"","""""
"2015-09-20,""2015"",""09"",""20"",""†"",""18.6"","""",""5.6"","""",""12.1"","""",""5.9"","""",""0.0"","""","""",""M"","""",""M"",""0.0"","""","""","""","""","""",""<31"","""""
"2015-09-21,""2015"",""09"",""21"",""†"",""18.7"","""",""6.2"","""",""12.5"","""",""5.5"","""",""0.0"","""","""",""M"","""",""M"",""0.0"","""","""","""","""","""",""<31"","""""
"2015-09-22,""2015"",""09"",""22"",""†"",""21.1"","""",""5.1"","""",""13.1"","""",""4.9"","""",""0.0"","""","""",""M"","""",""M"",""0.0"","""","""","""","""","""",""<31"","""""
"2015-09-23,""2015"",""09"",""23"",""†"","""",""M"",""6.5"",""E"","""",""M"","""",""M"","""",""M"","""",""M"","""",""M"","""",""M"","""","""","""","""",""<31"","""""
"2015-09-24,""2015"",""09"",""24"",""†"",""22.4"","""",""9.9"","""",""16.2"","""",""1.8"","""",""0.0"","""","""",""M"","""",""M"",""0.0"","""","""","""",""10"","""",""32"","""""
"2015-09-25,""2015"",""09"",""25"",""†"",""20.1"","""",""11.7"","""",""15.9"","""",""2.1"","""",""0.0"","""","""",""M"","""",""M"",""0.0"","""","""","""","""","""",""<31"","""""
"2015-09-26,""2015"",""09"",""26"",""†"",""20.2"","""",""10.3"","""",""15.3"","""",""2.7"","""",""0.0"","""","""",""M"","""",""M"",""0.0"","""","""","""","""","""",""<31"","""""
"2015-09-27,""2015"",""09"",""27"",""†"",""22.1"","""",""7.5"","""",""14.8"","""",""3.2"","""",""0.0"","""","""",""M"","""",""M"",""0.0"","""","""","""","""","""",""<31"","""""
"2015-09-28,""2015"",""09"",""28"",""†"",""22.0"","""",""16.4"","""",""19.2"","""",""0.0"","""",""1.2"","""","""",""M"","""",""M"",""0.0"","""","""","""","""","""",""<31"","""""
"2015-09-29,""2015"",""09"",""29"",""†"",""21.2"","""",""11.2"","""",""16.2"","""",""1.8"","""",""0.0"","""","""",""M"","""",""M"",""0.2"","""","""","""",""34"","""",""37"","""""
"2015-09-30,""2015"",""09"",""30"",""†"",""14.6"","""",""4.4"","""",""9.5"","""",""8.5"","""",""0.0"","""","""",""M"","""",""M"",""0.0"","""","""","""",""4"","""",""43"","""""
"2015-10-01,""2015"",""10"",""01"",""†"",""14.0"","""",""1.5"","""",""7.8"","""",""10.2"","""",""0.0"","""","""",""M"","""",""M"",""0.0"","""","""","""",""7"","""",""39"","""""
"2015-10-02,""2015"",""10"",""02"",""†"",""11.3"","""",""3.4"","""",""7.4"","""",""10.6"","""",""0.0"","""","""",""M"","""",""M"",""0.0"","""","""","""",""7"","""",""46"","""""
"2015-10-03,""2015"",""10"",""03"",""†"",""11.2"","""",""4.8"","""",""8.0"","""",""10.0"","""",""0.0"","""","""",""M"","""",""M"",""0.0"","""","""","""",""8"","""",""54"","""""
"2015-10-04,""2015"",""10"",""04"",""†"",""13.6"","""",""7.7"","""",""10.7"","""",""7.3"","""",""0.0"","""","""",""M"","""",""M"",""0.0"","""","""","""",""12"","""",""41"","""""
"2015-10-05,""2015"",""10"",""05"",""†"",""12.4"","""",""9.5"","""",""11.0"","""",""7.0"","""",""0.0"","""","""",""M"","""",""M"",""1.6"","""","""","""","""","""",""<31"","""""
"2015-10-06,""2015"",""10"",""06"",""†"",""13.1"","""",""7.2"","""",""10.2"","""",""7.8"","""",""0.0"","""","""",""M"","""",""M"",""0.2"","""","""","""","""","""",""<31"","""""
"2015-10-07,""2015"",""10"",""07"",""†"",""17.7"","""",""2.4"","""",""10.1"","""",""7.9"","""",""0.0"","""","""",""M"","""",""M"",""0.0"","""","""","""",""30"","""",""33"","""""
"2015-10-08,""2015"",""10"",""08"",""†"",""13.6"","""",""1.4"","""",""7.5"","""",""10.5"","""",""0.0"","""","""",""M"","""",""M"",""10.4"","""","""","""","""","""",""<31"","""""
"2015-10-09,""2015"",""10"",""09"",""†"",""13.1"","""",""4.2"","""",""8.7"","""",""9.3"","""",""0.0"","""","""",""M"","""",""M"",""1.5"","""","""","""",""29"","""",""48"","""""
"2015-10-10,""2015"",""10"",""10"",""†"",""15.2"","""",""-0.4"","""",""7.4"","""",""10.6"","""",""0.0"","""","""",""M"","""",""M"",""0.0"","""","""","""","""","""",""<31"","""""
"2015-10-11,""2015"",""10"",""11"",""†"",""22.5"","""",""7.6"","""",""15.1"","""",""2.9"","""",""0.0"","""","""",""M"","""",""M"",""0.0"","""","""","""",""24"","""",""37"","""""
"2015-10-12,""2015"",""10"",""12"",""†"",""22.1"","""",""8.9"","""",""15.5"","""",""2.5"","""",""0.0"","""","""",""M"","""",""M"",""0.0"","""","""","""",""17"","""",""39"","""""
"2015-10-13,""2015"",""10"",""13"",""†"",""16.2"","""",""8.4"","""",""12.3"","""",""5.7"","""",""0.0"","""","""",""M"","""",""M"",""3.7"","""","""","""",""28"","""",""56"","""""
"2015-10-14,""2015"",""10"",""14"",""†"",""10.7"","""",""1.8"","""",""6.3"","""",""11.7"","""",""0.0"","""","""",""M"","""",""M"",""0.0"","""","""","""",""30"","""",""43"","""""
"2015-10-15,""2015"",""10"",""15"",""†"",""15.7"","""",""1.5"","""",""8.6"","""",""9.4"","""",""0.0"","""","""",""M"","""",""M"",""3.5"","""","""","""",""30"","""",""61"","""""
"2015-10-16,""2015"",""10"",""16"",""†"",""9.9"","""",""-1.1"","""",""4.4"","""",""13.6"","""",""0.0"","""","""",""M"","""",""M"",""4.1"","""","""","""",""28"","""",""54"","""""
"2015-10-17,""2015"",""10"",""17"",""†"",""5.2"","""",""-3.0"","""",""1.1"","""",""16.9"","""",""0.0"","""","""",""M"","""",""M"",""0.0"","""",""0"",""T"",""32"","""",""41"","""""
"2015-10-18,""2015"",""10"",""18"",""†"",""4.1"","""",""-4.5"","""",""-0.2"","""",""18.2"","""",""0.0"","""","""",""M"","""",""M"",""0.0"","""",""0"",""T"","""","""",""<31"","""""
"2015-10-19,""2015"",""10"",""19"",""†"",""14.3"","""",""-4.0"","""",""5.2"","""",""12.8"","""",""0.0"","""","""",""M"","""",""M"",""2.2"","""",""0"",""T"",""22"","""",""46"","""""
"2015-10-20,""2015"",""10"",""20"",""†"",""17.4"","""",""7.5"","""",""12.5"","""",""5.5"","""",""0.0"","""","""",""M"","""",""M"",""0.0"","""","""","""",""30"","""",""32"","""""
"2015-10-21,""2015"",""10"",""21"",""†"",""12.4"","""",""6.6"","""",""9.5"","""",""8.5"","""",""0.0"","""","""",""M"","""",""M"",""6.1"","""","""","""","""","""",""<31"","""""
"2015-10-22,""2015"",""10"",""22"",""†"",""13.5"","""",""0.0"","""",""6.8"","""",""11.2"","""",""0.0"","""","""",""M"","""",""M"",""0.0"","""","""","""",""32"","""",""56"","""""
"2015-10-23,""2015"",""10"",""23"",""†"",""8.0"","""",""-1.4"","""",""3.3"","""",""14.7"","""",""0.0"","""","""",""M"","""",""M"",""0.0"","""","""","""",""15"","""",""35"","""""
"2015-10-24,""2015"",""10"",""24"",""†"",""13.7"","""",""5.6"","""",""9.7"","""",""8.3"","""",""0.0"","""","""",""M"","""",""M"",""11.6"","""",""0"",""T"",""28"","""",""52"","""""
"2015-10-25,""2015"",""10"",""25"",""†"",""10.1"","""",""-1.6"","""",""4.3"","""",""13.7"","""",""0.0"","""","""",""M"","""",""M"",""0.4"","""","""","""",""29"","""",""54"","""""
"2015-10-26,""2015"",""10"",""26"",""†"",""9.9"","""",""-2.5"","""",""3.7"","""",""14.3"","""",""0.0"","""","""",""M"","""",""M"",""0.0"","""","""","""","""","""",""<31"","""""
"2015-10-27,""2015"",""10"",""27"",""†"",""10.5"","""",""-2.4"","""",""4.1"","""",""13.9"","""",""0.0"","""","""",""M"","""",""M"",""0.0"","""",""0"",""T"",""11"","""",""39"","""""
"2015-10-28,""2015"",""10"",""28"",""†"",""13.7"","""",""6.1"","""",""9.9"","""",""8.1"","""",""0.0"","""","""",""M"","""",""M"",""19.2"","""","""","""",""12"","""",""48"","""""
"2015-10-29,""2015"",""10"",""29"",""†"",""13.5"","""",""2.8"","""",""8.2"","""",""9.8"","""",""0.0"","""","""",""M"","""",""M"",""1.5"","""","""","""",""29"","""",""59"","""""
"2015-10-30,""2015"",""10"",""30"",""†"",""7.6"","""",""-4.2"","""",""1.7"","""",""16.3"","""",""0.0"","""","""",""M"","""",""M"",""0.2"","""","""","""","""","""",""<31"","""""
"2015-10-31,""2015"",""10"",""31"",""†"",""8.9"","""",""-4.9"","""",""2.0"","""",""16.0"","""",""0.0"","""","""",""M"","""",""M"",""11.7"","""","""","""",""15"","""",""32"","""""
"2015-11-01,""2015"",""11"",""01"",""†"",""11.8"","""",""5.9"","""",""8.9"","""",""9.1"","""",""0.0"","""","""",""M"","""",""M"",""1.3"","""","""","""",""30"","""",""56"","""""
"2015-11-02,""2015"",""11"",""02"",""†"",""14.4"","""",""7.0"","""",""10.7"","""",""7.3"","""",""0.0"","""","""",""M"","""",""M"",""0.0"","""","""","""","""","""",""<31"","""""
"2015-11-03,""2015"",""11"",""03"",""†"",""19.2"","""",""5.1"","""",""12.2"","""",""5.8"","""",""0.0"","""","""",""M"","""",""M"",""0.0"","""","""","""","""","""",""<31"","""""
"2015-11-04,""2015"",""11"",""04"",""†"",""18.8"","""",""4.4"","""",""11.6"","""",""6.4"","""",""0.0"","""","""",""M"","""",""M"",""0.0"","""","""","""","""","""",""<31"","""""
"2015-11-05,""2015"",""11"",""05"",""†"",""22.5"","""",""5.8"","""",""14.2"","""",""3.8"","""",""0.0"","""","""",""M"","""",""M"",""0.0"","""","""","""",""19"","""",""32"","""""
"2015-11-06,""2015"",""11"",""06"",""†"",""17.8"","""",""4.1"","""",""11.0"","""",""7.0"","""",""0.0"","""","""",""M"","""",""M"",""2.0"","""","""","""",""24"","""",""85"","""""
"2015-11-07,""2015"",""11"",""07"",""†"",""9.6"","""",""1.7"","""",""5.7"","""",""12.3"","""",""0.0"","""","""",""M"","""",""M"",""1.7"","""","""","""",""30"","""",""46"","""""
"2015-11-08,""2015"",""11"",""08"",""†"",""9.1"","""",""-2.1"","""",""3.5"","""",""14.5"","""",""0.0"","""","""",""M"","""",""M"",""1.9"","""","""","""",""26"","""",""37"","""""
"2015-11-09,""2015"",""11"",""09"",""†"",""11.5"","""",""-3.4"","""",""4.1"","""",""13.9"","""",""0.0"","""","""",""M"","""",""M"",""0.0"","""","""","""","""","""",""<31"","""""
"2015-11-10,""2015"",""11"",""10"",""†"",""10.0"","""",""-3.3"","""",""3.4"","""",""14.6"","""",""0.0"","""","""",""M"","""",""M"",""3.5"","""","""","""","""","""",""<31"","""""
"2015-11-11,""2015"",""11"",""11"",""†"",""10.9"","""",""1.8"","""",""6.4"","""",""11.6"","""",""0.0"","""","""",""M"","""",""M"",""5.0"","""",""0"",""T"","""","""",""<31"","""""
"2015-11-12,""2015"",""11"",""12"",""†"",""9.2"","""",""5.0"","""",""7.1"","""",""10.9"","""",""0.0"","""","""",""M"","""",""M"",""9.2"","""","""","""",""28"","""",""59"","""""
"2015-11-13,""2015"",""11"",""13"",""†"",""8.0"","""",""-1.2"","""",""3.4"","""",""14.6"","""",""0.0"","""","""",""M"","""",""M"",""8.8"","""","""","""",""28"","""",""50"","""""
"2015-11-14,""2015"",""11"",""14"",""†"",""3.3"","""",""-1.1"","""",""1.1"","""",""16.9"","""",""0.0"","""","""",""M"","""",""M"",""0.2"","""",""0"",""T"",""28"","""",""46"","""""
"2015-11-15,""2015"",""11"",""15"",""†"",""11.9"","""",""0.0"","""",""6.0"","""",""12.0"","""",""0.0"","""","""",""M"","""",""M"",""0.0"","""",""0"",""T"","""","""",""<31"","""""
"2015-11-16,""2015"",""11"",""16"",""†"",""10.5"","""",""-0.9"","""",""4.8"","""",""13.2"","""",""0.0"","""","""",""M"","""",""M"",""0.0"","""","""","""",""11"","""",""33"","""""
"2015-11-17,""2015"",""11"",""17"",""†"",""8.4"","""",""0.3"","""",""4.4"","""",""13.6"","""",""0.0"","""","""",""M"","""",""M"",""0.0"","""","""","""",""10"","""",""37"","""""
"2015-11-18,""2015"",""11"",""18"",""†"",""12.4"","""",""5.7"","""",""9.1"","""",""8.9"","""",""0.0"","""","""",""M"","""",""M"",""1.8"","""","""","""",""14"","""",""32"","""""
"2015-11-19,""2015"",""11"",""19"",""†"",""15.0"","""",""2.3"","""",""8.7"","""",""9.3"","""",""0.0"","""","""",""M"","""",""M"",""3.5"","""","""","""",""29"","""",""50"","""""
"2015-11-20,""2015"",""11"",""20"",""†"","""",""M"",""1.7"",""E"","""",""M"","""",""M"","""",""M"","""",""M"","""",""M"","""",""M"","""","""",""24"","""",""43"","""""
"2015-11-21,""2015"",""11"",""21"",""†"",""4.1"","""",""-3.2"","""",""0.5"","""",""17.5"","""",""0.0"","""","""",""M"","""",""M"",""8.0"","""",""0"",""T"","""","""",""<31"","""""
"2015-11-22,""2015"",""11"",""22"",""†"",""1.5"","""",""-12.7"","""",""-5.6"","""",""23.6"","""",""0.0"","""","""",""M"","""",""M"",""16.9"","""",""0"",""T"",""30"","""",""48"","""""
"2015-11-23,""2015"",""11"",""23"",""†"",""-0.6"","""",""-14.8"","""",""-7.7"","""",""25.7"","""",""0.0"","""","""",""M"","""",""M"",""0.4"","""",""12"","""","""","""",""<31"","""""
"2015-11-24,""2015"",""11"",""24"",""†"",""3.0"","""",""-8.9"","""",""-3.0"","""",""21.0"","""",""0.0"","""","""",""M"","""",""M"",""0.0"","""",""11"","""","""","""",""<31"","""""
"2015-11-25,""2015"",""11"",""25"",""†"",""5.6"","""",""-8.3"","""",""-1.4"","""",""19.4"","""",""0.0"","""","""",""M"","""",""M"",""0.2"","""",""5"","""","""","""",""<31"","""""
"2015-11-26,""2015"",""11"",""26"",""†"",""14.8"","""",""5.4"","""",""10.1"","""",""7.9"","""",""0.0"","""","""",""M"","""",""M"",""4.1"","""",""0"",""T"",""23"","""",""41"","""""
"2015-11-27,""2015"",""11"",""27"",""†"",""14.5"","""",""-2.2"","""",""6.2"","""",""11.8"","""",""0.0"","""","""",""M"","""",""M"",""4.2"","""",""0"",""T"",""21"","""",""52"","""""
"2015-11-28,""2015"",""11"",""28"",""†"",""-0.2"",""E"",""-5.0"",""E"",""-2.6"",""E"",""20.6"",""E"",""0.0"",""E"","""",""M"","""",""M"",""0.0"","""",""0"",""T"","""",""M"","""",""M"""
"2015-11-29,""2015"",""11"",""29"",""†"",""1.9"","""",""-4.6"","""",""-1.4"","""",""19.4"","""",""0.0"","""","""",""M"","""",""M"",""0.0"","""",""0"",""T"","""","""",""<31"","""""
"2015-11-30,""2015"",""11"",""30"",""†"",""0.8"","""",""-2.3"","""",""-0.8"","""",""18.8"","""",""0.0"","""","""",""M"","""",""M"",""0.0"","""",""0"",""T"","""","""",""<31"","""""
"2015-12-01,""2015"",""12"",""01"",""†"",""5.4"","""",""-2.0"","""",""1.7"","""",""16.3"","""",""0.0"","""","""",""M"","""",""M"",""1.8"","""",""0"",""T"",""10"","""",""33"","""""
"2015-12-02,""2015"",""12"",""02"",""†"",""5.4"","""",""-3.3"","""",""1.1"","""",""16.9"","""",""0.0"","""","""",""M"","""",""M"",""0.0"","""",""0"",""T"","""","""",""<31"","""""
"2015-12-03,""2015"",""12"",""03"",""†"",""3.4"","""",""-1.7"","""",""0.9"","""",""17.1"","""",""0.0"","""","""",""M"","""",""M"",""1.3"","""",""0"",""T"",""32"","""",""37"","""""
"2015-12-04,""2015"",""12"",""04"",""†"",""4.8"","""",""1.8"","""",""3.3"","""",""14.7"","""",""0.0"","""","""",""M"","""",""M"",""0.0"","""",""0"",""T"",""27"","""",""39"","""""
"2015-12-05,""2015"",""12"",""05"",""†"",""5.2"","""",""-5.2"","""",""0.0"","""",""18.0"","""",""0.0"","""","""",""M"","""",""M"",""0.0"","""",""0"",""T"","""","""",""<31"","""""
"2015-12-06,""2015"",""12"",""06"",""†"",""5.4"","""",""-6.6"","""",""-0.6"","""",""18.6"","""",""0.0"","""","""",""M"","""",""M"",""0.3"","""",""0"",""T"","""","""",""<31"","""""
"2015-12-07,""2015"",""12"",""07"",""†"",""5.1"","""",""-1.8"","""",""1.7"","""",""16.3"","""",""0.0"","""","""",""M"","""",""M"",""0.0"","""",""0"",""T"","""","""",""<31"","""""
"2015-12-08,""2015"",""12"",""08"",""†"",""4.2"","""",""2.2"","""",""3.2"","""",""14.8"","""",""0.0"","""","""",""M"","""",""M"",""0.0"","""",""0"",""T"",""17"","""",""32"","""""
"2015-12-09,""2015"",""12"",""09"",""†"",""9.2"","""",""2.5"","""",""5.9"","""",""12.1"","""",""0.0"","""","""",""M"","""",""M"",""0.0"","""",""0"",""T"",""22"","""",""39"","""""
"2015-12-10,""2015"",""12"",""10"",""†"",""10.0"","""",""1.7"","""",""5.9"","""",""12.1"","""",""0.0"","""","""",""M"","""",""M"",""0.0"","""",""0"",""T"",""20"","""",""39"","""""
"2015-12-11,""2015"",""12"",""11"",""†"",""10.4"","""",""5.0"","""",""7.7"","""",""10.3"","""",""0.0"","""","""",""M"","""",""M"",""0.0"","""",""0"",""T"",""24"","""",""52"","""""
"2015-12-12,""2015"",""12"",""12"",""†"",""6.0"","""",""-1.4"","""",""2.3"","""",""15.7"","""",""0.0"","""","""",""M"","""",""M"",""0.0"","""","""","""","""","""",""<31"","""""
"2015-12-13,""2015"",""12"",""13"",""†"",""5.7"","""",""3.1"","""",""4.4"","""",""13.6"","""",""0.0"","""","""",""M"","""",""M"",""9.8"","""",""0"",""T"",""10"","""",""33"","""""
"2015-12-14,""2015"",""12"",""14"",""†"",""12.8"","""",""5.4"","""",""9.1"","""",""8.9"","""",""0.0"","""","""",""M"","""",""M"",""13.1"","""",""0"",""T"",""25"","""",""54"","""""
"2015-12-15,""2015"",""12"",""15"",""†"",""8.3"","""",""-1.3"","""",""3.5"","""",""14.5"","""",""0.0"","""","""",""M"","""",""M"",""3.9"","""","""","""",""28"","""",""57"","""""
"2015-12-16,""2015"",""12"",""16"",""†"",""4.5"","""",""-1.6"","""",""1.5"","""",""16.5"","""",""0.0"","""","""",""M"","""",""M"",""1.9"","""",""0"",""T"",""13"","""",""39"","""""
"2015-12-17,""2015"",""12"",""17"",""†"",""6.5"","""",""0.8"","""",""3.7"","""",""14.3"","""",""0.0"","""","""",""M"","""",""M"",""0.0"","""",""0"",""T"",""28"","""",""37"","""""
"2015-12-18,""2015"",""12"",""18"",""†"",""1.0"","""",""-3.7"","""",""-1.4"","""",""19.4"","""",""0.0"","""","""",""M"","""",""M"",""0.2"","""",""0"",""T"",""25"","""",""37"","""""
"2015-12-19,""2015"",""12"",""19"",""†"",""-2.4"","""",""-5.4"","""",""-3.9"","""",""21.9"","""",""0.0"","""","""",""M"","""",""M"",""1.2"","""",""0"",""T"",""28"","""",""63"","""""
"2015-12-20,""2015"",""12"",""20"",""†"",""2.6"","""",""-3.3"","""",""-0.4"","""",""18.4"","""",""0.0"","""","""",""M"","""",""M"",""0.0"","""",""0"",""T"",""17"","""",""35"","""""
"2015-12-21,""2015"",""12"",""21"",""†"",""5.1"","""",""1.9"","""",""3.5"","""",""14.5"","""",""0.0"","""","""",""M"","""",""M"",""17.3"","""",""0"",""T"","""","""",""<31"","""""
"2015-12-22,""2015"",""12"",""22"",""†"",""10.9"","""",""2.9"","""",""6.9"","""",""11.1"","""",""0.0"","""","""",""M"","""",""M"",""2.0"","""",""0"",""T"","""","""",""<31"","""""
"2015-12-23,""2015"",""12"",""23"",""†"","""",""M"","""",""M"","""",""M"","""",""M"","""",""M"","""",""M"","""",""M"","""",""M"","""","""","""","""",""<31"","""""
"2015-12-24,""2015"",""12"",""24"",""†"",""14.2"","""",""3.1"","""",""8.7"","""",""9.3"","""",""0.0"","""","""",""M"","""",""M"",""0.0"","""",""0"",""T"",""24"","""",""61"","""""
"2015-12-25,""2015"",""12"",""25"",""†"","""",""M"",""2.9"",""E"","""",""M"","""",""M"","""",""M"","""",""M"","""",""M"","""",""M"","""","""",""29"","""",""37"","""""
"2015-12-26,""2015"",""12"",""26"",""†"","""",""M"",""-5.7"",""E"","""",""M"","""",""M"","""",""M"","""",""M"","""",""M"","""",""M"",""0"",""T"",""9"","""",""44"","""""
"2015-12-27,""2015"",""12"",""27"",""†"",""0.8"","""",""-5.9"","""",""-2.6"","""",""20.6"","""",""0.0"","""","""",""M"","""",""M"",""2.7"","""",""0"",""T"",""36"","""",""33"","""""
"2015-12-28,""2015"",""12"",""28"",""†"",""-5.9"","""",""-10.3"","""",""-8.1"","""",""26.1"","""",""0.0"","""","""",""M"","""",""M"",""7.9"","""",""0"",""T"",""11"","""",""67"","""""
"2015-12-29,""2015"",""12"",""29"",""†"","""",""M"",""-8.0"",""E"","""",""M"","""",""M"","""",""M"","""",""M"","""",""M"","""",""M"",""5"","""",""11"","""",""65"","""""
"2015-12-30,""2015"",""12"",""30"",""†"",""1.6"","""",""-1.4"","""",""0.1"","""",""17.9"","""",""0.0"","""","""",""M"","""",""M"",""1.8"","""",""7"","""","""","""",""<31"","""""
"2015-12-31,""2015"",""12"",""31"",""†"",""0.6"","""",""-2.4"","""",""-0.9"","""",""18.9"","""",""0.0"","""","""",""M"","""",""M"",""1.8"","""",""5"","""",""26"","""",""35"","""""
